Name,slug,Description,zapier descripcion,PW description,API Provider,API Endpoint,API Homepage,Primary Category,Secondary Categories,Protocol / Formats,Last Version,Other options,SSL Support,API Kits,API Forum,Contact Email,Developer Support,Authentication Mode,discoveryRestUrl
10to8  ,10to8,,,,,,,,,,,,,,,,,,
123ContactForm,123contactform,,,"123ContactForm is a cloud-based form builder that allows users to build and administrate web and mobile contact forms, online registrations, surveys, e-commerce forms and any other custom form. The 123ContactForm API enables users to retrieve data about their forms, form fields, submissions and submissions count, then use them with external applications and databases.",,,,,,,,,,,,,,,
42goals,42goals,,,,,,,,,,,,,,,,,,
46elks,46elks,,,"Phone calls, SMS and MMS all in one easy API. Our cloud communication platform enables web developers to integrate telephony technlogy into their applications. And do things such as control incoming phone calls, build IVRs, send & receive SMS text messages and much more. We bridge the gap between the web and world of telephony. The API consists of 4 major parts: - Phone numbers - Phone calls - SMS messaging - MMS picture and video messaging The API is RESTful and all responses are in JSON. ",,,,,,,,,,,,,,,
4Dem.it,4demit,,,,,,,,,,,,,,,,,,
5pmweb,5pmweb,,,,,,,,,,,,,,,,,,
Act! Cloud,act-cloud,,,,,,,,,,,,,,,,,,
Active Collab,activecollab,, ,"ActiveCollab is a system that lets you and your team collaborate more efficiently by sharing files, discussing ideas and managing projects, as well as letting you track time, create invoices, and integrate with email services. ActiveCollabe also has a flexible interface, making it easily customizable and extensible through CSS code and the ActiveCollab API. The ActiveCollab API is a HTTP based API that returns JSON or XML data. The ActiveCollab API also comes with an API Wrapper, a set of PHP class and functions to make the API easier to work with.",,,,,,,,,,,,,,,
Active Directory,active-directory,,,,,,,,,,,,,,,,,,
ActiveCampaign,activecampaign,,,"ActiveCampaign is a web based email marketing software that allows you to send permission based mailings to lists of subscribers. In order to use the API, you will need to write an application that can connect to the server where your Email Marketing is located, send a request to it and handle the response it receives from your Email Marketing software.",,,,,,,,,,,,,,,
Acuity Scheduling,acuity-scheduling,,,,,,,,,,,,,,,,,,
Agile CRM,agile-crm,"Agile CRM is sales and marketing automation software for small businesses. Agile CRM includes telephony, contact management, deals, web forms and email campaigns.","Agile CRM offers contact management, marketing automation, telephony, analytics, web engagement, real-time alerts and social suite. Track, nurture, and sell like a pro.","Agile CRM is a customer relationship management (CRM) service geared toward small businesses. It helps users manage individual contacts using tags, a lead scoring system, event tracking, and timelines. Users can implement automated campaigns across multiple channels (e.g. email, phone, social networks). Agile CRM's analytics and sentiment-tracking services can tell the user what's working and what isn't. Agile CRM is able to integrate with other websites and apps using plug-ins or its API. ",https://www.agilecrm.com/,https://{domain}.agilecrm.com/dev/,https://www.agilecrm.com/api/index,Enterprise,"Marketing, Customer Relationship Management",XML | JSON | REST,,JavaScript,Yes,PHP,,care@agilecrm.com,https://github.com/agilecrm,,
AgileZen,agilezen,,,"The AgileZen API provides developer access to the functionality of the AgileZen application. AgileZen is a web-based project management application built on ideas from lean manufacturing. The API provides functionality such as getting projects, project details, phases, members, roles and more. The API uses RESTful protocol and responses are formatted in XML and JSON.",,,,,,,,,,,,,,,
Aha!,aha,,,"Aha! is a cloud-based collaboration service for product-building teams. It allows teams to map their product strategies and keep everyone apprised of upcoming release dates and work sprints. Teams can also gather and refine their features and user stories together in one place. Aha! allows teams to present product roadmaps as Notebooks, PDFs, or web pages. In fact, nearly any view from Aha! can be published in these three formats. Users can make their projects accessible from other applications using the Aha! REST and JavaScript APIs",,,,,,,,,,,,,,,
AIM,aim,,,,,,,,,,,,,,,,,,
AirBnB,airbnb,,,,,,,,,,,,,,,,,,
Airbrake,airbrake,,,"Airbrake is an application that gathers errors caused by other applications. Airbrake provides reports on the errors for review and analysis, as well as auto resolving based on specifications. The Airbrake API allows developers to access and integrate Airbrake functionality into other applications. Some example API methods include accessing account and project information, receiving notifications of errors, and getting information on specific errors.",,,,,,,,,,,,,,,
Airtable,airtable,,,The Airtable REST API allows developers to access and integrate the functionality of Airtable with other applications through JSON. Public documentation is not available; API access comes with account service. Airtable is a data organization platform that allows users to organize data through spreadsheets and data management tools.,,,,,,,,,,,,,,,
Akismet,akismet,,,,,,,,,,,,,,,,,,
Akna,akna,,,,,,,,,,,,,,,,,,
Alexa,alexa,,,,,,,,,,,,,,,,,,
Alfred,alfred,,,,,,,,,,,,,,,,,,
Alfresco,alfresco,,,,,,,,,,,,,,,,,,
Allthings,allthings,,,,,,,,,,,,,,,,,,
Alterdesk,alterdesk,,,,,,,,,,,,,,,,,,
Amazon CloudDrive,amazon-clouddrive,,,,,,,,,,,,,,,,,,
Amazon CloudFront,amazon-cloudfront,,,,,,,,,,,,,,,,,,
Amazon CloudWatch,amazon-cloudwatch,,,"Amazon CloudWatch is a web service that provides visibility into your cloud assets. Amazon CloudWatch provides the data you need to make informed decisions. It is designed to provide comprehensive monitoring for all of the following AWS services: Amazon Elastic Compute Cloud or Amazon EC2 (including instances of paid AMIs), and Elastic Load Balancing.",,,,,,,,,,,,,,,
Amazon DynamoDB,amazon-dynamodb,,,,,,,,,,,,,,,,,,
Amazon EC2,amazon-ec2,,,"The Amazon Elastic Compute Cloud (Amazon EC2) API is a web service that enables you to launch and manage Linux/UNIX and Windows server instances in Amazon's data centers. Giving users the ability to ""compute"" in the cloud, it provides users with complete control of their computing resources and lets them run on Amazon's computing environment. Amazon EC2 changes the economics of computing by allowing users to pay only for capacity that is actually used. Amazon EC2 provides two APIs: SOAP and REST. The same XML body is returned in both the REST API and SOAP API. The WSDL for each supported API version is available from the following URI: http://ec2.amazonaws.com/doc//AmazonEC2.wsdl The WSDL should be treated as a moving target as it will always map to the latest release of the Amazon EC2 SOAP API. ",,,,,,,,,,,,,,,
Amazon Payments,amazon-payments,,,,,,,,,,,,,,,,,,
Amazon RDS,amazon-rds,,,,,,,,,,,,,,,,,,
Amazon Redshift,amazon-redshif,,,"Amazon Redshift is a cloud based fully managed, petabyte-scale data warehouse service. Amazon Redshift manages all the work needed to set up, operate, and scale a data warehouse cluster, from provisioning capacity to monitoring and backing up the cluster, to applying patches and upgrades. Developers interested in the API should contact Amazon for a limited preview of the service.",,,,,,,,,,,,,,,
Amazon S3,amazon-s3,,,"Since 2006 Amazon Web Services has been offering web services commonly known as cloud computing. AWS Provides a reliable, low cost infrastructure platform that powers hundreds of thousands of businesses. Amazon S3 API, the Simple Storage Service provides a simple web services interface used to store objects using the Amazon online storage infrastructure. Users can then download the data or use the data with other AWS services, such as Amazon Elastic Cloud Computer (EC2). Using this web service, developers can build applications that make use of Internet storage. The API uses Buckets, Objects, Keys and Operations. An object has four parts: value, key, metadata, and an access control policy. Objects are stored in buckets. The API is available in both REST and SOAP protocol. Responses are formatted in XML.",,,,,,,,,,,,,,,
Amazon SES,amazon-ses,,,"Amazon Simple Email Service, or SES, provides cloud-based email as a service. Amazon SES simplifies sending emails from applications being hosted on services such as Amazon EC2. Because email services are often used by spammers, Amazon SES provides each user with a quota. EC2 users can send 2,000 emails per day for free. The service allows developers to send either raw email or formatted email using Amazon's SMTP servers. Any spam complaints or other issues bubble back up to the developer. Similar to other Amazon Web Services, Amazon SES charges per gigabyte for transfer in and out of its systems.",,,,,,,,,,,,,,,
Amazon SimpleDB,amazon-simpledb,,,,,,,,,,,,,,,,,,
Amazon SNS,amazon-sms,,,,,,,,,,,,,,,,,,
Amazon SQS,amazon-sqs,,,,,,,,,,,,,,,,,,
Ambassador,ambassador,,,"Ambassador is a service that allows companies and brands to reward their customers for promoting products and services to their social networks. The Ambassador API allows developers to integrate Ambassador into sites and applications. Some example API methods include listing events, accessing ambassadors account information, creating rewards, and adding discounts and deals.",,,,,,,,,,,,,,,
Analytic Call Tracking,analytic-call-tracking,,,,,,,,,,,,,,,,,,
Android,android,,,,,,,,,,,,,,,,,,
AngelList,angellist,,,"AngelList is a community of startups and investors with the goal of making fund raising efficient. Angel investors are listed along with contact information which startups can use to set up introductions. The AngelList API provides developers with a RESTful interface to the AngelList data set. Data includes followers, reviews, startups and more. Responses are formatted in JSON and JSONP",,,,,,,,,,,,,,,
Ansible,ansible,,,,,,,,,,,,,,,,,,
Apollo,apollo,,,,,,,,,,,,,,,,,,
App.net,appdotnet,,,,,,,,,,,,,,,,,,
AppHarbor,appharbor,,,,,,,,,,,,,,,,,,
Appointlet,appointlet,,,,,,,,,,,,,,,,,,
Artifactory,artifactory,,,,,,,,,,,,,,,,,,
Asana,asana,,,"Asana is an online platform for teams to manage and share tasks. Asana offers both web and mobile applications for teams to organize, assign, and track task management items. The Asana API allows developers to access and integrate the functionality of Asana with other applications and to create new applications. Some example API methods include managing users, creating and managing tasks, and accessing projects and workspaces.",,,,,,,,,,,,,,,
Assembla,assembla,,,,,,,,,,,,,,,,,,
Authorize.net,authorize-net,,,,,,,,,,,,,,,,,,
Autopilot,autopilot,,,"The Autopilot API allows developers to integrate their applications with the Autopilot marketing automation platform. The API provides methods for capturing leads, adding contacts, triggering Autopilot journeys, syncing unsubscribes, adding to the Autopilot activity feed, customizing contact profiles, and getting data from a third-party app into Salesforce. Customer journeys can be set up easily using a drag-and-drop interface.",,,,,,,,,,,,,,,
AutoRemote,autoremote,,,,,,,,,,,,,,,,,,
AWeber,aweber,,,,,,,,,,,,,,,,,,
AWS Lambda,aws-lambda,,,,,,,,,,,,,,,,,,
Axosoft,axosoft,,,,,,,,,,,,,,,,,,
Azure Web Sites,windows-azure-web-sites,,,,,,,,,,,,,,,,,,
Backpack,backpack,,,,,,,,,,,,,,,,,,
Balanced,balanced-payments,,,,,,,,,,,,,,,,,,
Bamboo,bamboo,,,,,,,,,,,,,,,,,,
BambooHR,bamboohr,,,,,,,,,,,,,,,,,,
BarCloud,barcloud,,,,,,,,,,,,,,,,,,
Base CRM,base-crm,,,,,,,,,,,,,,,,,,
Basecamp,basecamp,,,"From 37signals. Basecamp is a unique project collaboration tool. Projects don't fail from a lack of charts, graphs, or reports, they fail from a lack of communication and collaboration. Basecamp makes it simple to communicate and collaborate on projects. The Basecamp API is implemented as vanilla XML over HTTP.",,,,,,,,,,,,,,,
Basecamp Classic,basecamp-classic,,,,,,,,,,,,,,,,,,
Batchbook,batchbook,,,BatchBook is an easy-to-use customer relationship manager (CRM) designed for small business owners. The BatchBook API is an XML REST interface for accessing your account.,,,,,,,,,,,,,,,
Bazaar,bazaar,,,,,,,,,,,,,,,,,,
Beaconpush,beaconpush,,,,,,,,,,,,,,,,,,
Beanstalk,beanstalk,,,"Beanstalk is a hosted subversion service that allows designers and developers to store source code, track changes, and collaborate with their team. The API can be used to build tools or services around Beanstalk account information. It uses a RESTful protocol and responses are formatted in XML. ",,,,,,,,,,,,,,,
Beeminder,beeminder,,,"Beeminder is a goal tracking service that allows users to set goals and track their progress towards them with incentives along the way. The Beeminder API allows developers to access and integrate the functionality of Beeminder with other applications and to create new applications. The API methods include retrieving information about users, retrieving information about goals, and retrieving datapoints.",,,,,,,,,,,,,,,
Beeper,beeper,,,,,,,,,,,,,,,,,,
Beepsend SMS,beepsend,,,"Beepsend provides messaging services to mobile operators, SMS aggregators, and enterprise clients. The Beepsend API exposes a variety of SMS services and support functions. The API is able to send messages, retrieve analytics, manage contacts, and much more. The API is available as a robust RESTful API as well as a light weight HTTP API.",,,,,,,,,,,,,,,
Benchmark Email,benchmark-email,,,,,,,,,,,,,,,,,,
Better Voice,better-voicemail,,,,,,,,,,,,,,,,,,
Bidsketch,bidsketch,,,,,,,,,,,,,,,,,,
Bigcommerce,bigcommerce,,,"BigCommerce is an online ecommerce service used to power online stores. BigCommerce contains a RESTful API that allows remote retrieval of customers, orders and products via a XML web service. The API allows requests to be made to search for the above data, or retrieve a particular entry from the database for one of the supported data types.",,,,,,,,,,,,,,,
Bing,bing,,,,,,,,,,,,,,,,,,
Bing Ads,bing-ads,,,,,,,,,,,,,,,,,,
Bintray,bintray,,,,,,,,,,,,,,,,,,
BitBucket,bitbucket,,,,,,,,,,,,,,,,,,
Bitly,bitly,,,,,,,,,,,,,,,,,,
BitPay,bitpay,,,,,,,,,,,,,,,,,,
BizTalk,biztalk,,,,,,,,,,,,,,,,,,
Biztera,biztera,,,,,,,,,,,,,,,,,,
BlackBerry Messenger,bbm,,,,,,,,,,,,,,,,,,
Blogger,blogger,,,"The Blogger Data API allows client applications to view and update Blogger content in the form of Google Data API feeds. Your client application can use the Data API to create new blog posts, edit or delete existing posts, and query for posts that match particular criteria.",,,,,,,,,,,,,,,
BombBomb.com,bombbombcom,,,,,,,,,,,,,,,,,,
Bonfire,bonfire,,,,,,,,,,,,,,,,,,
Bontq,bontq,,,,,,,,,,,,,,,,,,
Bower,bower,,,,,,,,,,,,,,,,,,
Box,box,,,"Box is a cloud based storage company that believes people should be able to access and share their content from anywhere. Since 2005 they have been helping make that possible. The Box platform makes it easy for you to utilize our storage for your application. With our XML-based API you can develop modules, applications, and plugins that can upload, download, and share files from Box.net accounts. The Box Content API allows developers access to the Box web app content management features and enables extending them into their own apps. With our latest OpenBox Services, users can bring the power of web applications directly into their Box accounts. Edit photos and images online with Picnik, work on your Word and Excel files using Zoho, preview documents with Scribd's iPaper, and much more. Third parties are encouraged to contribute their own applications to the extensive Box network of over four million users.",,,,,,,,,,,,,,,
Boxcar,boxcar,,,,,,,,,,,,,,,,,,
Braintree,braintree,,,"BrainTree offers online merchants a payment gateway to enable the processing of credit card payments. Additionally, merchants are offered a merchant account, recurring billing and credit card storage. The Braintree Gateway API can be used two ways: either Server-to-Server or Transparent Redirect. In the Server-to-Server scenario customers submit their credit card data on the developer website to their server. The Transparent Redirect API eliminates the handling and processing of credit card data from the developer's environment.",,,,,,,,,,,,,,,
Breezy HR,breezy-hr,,,"The Breezy HR REST API allows developers to access and integrate the functionality of Breezy HR with other applications. Some example API methods include managing user information, retrieving companies and company information, retrieving available positions, and managing position postings. Breezy HR is a recruiting and HR platform designed for small teams.",,,,,,,,,,,,,,,
Brick FTP,brick-ftp,,,,,,,,,,,,,,,,,,
Buffer,buffer,,,"Buffer is a service that allows users to manage and schedule their tweets throughout the day. Users add tweets to their ""Buffer,"" and Buffer schedules them to go out regularly throughout the day. The Buffer API allows developers to access and integrate the functionality and data of Buffer with other applications and to create new applications. Some example API methods include retrieving user and profile information, creating and managing updates, and accessing the sent and pending updates.",,,,,,,,,,,,,,,
BugDigger,bugdigger,,,,,,,,,,,,,,,,,,
BugHerd,bugherd,,,"BugHerd is a visual bug tracking and project management app built for web developers and designers. It lets you report issues directly on a website with a simple point and click. BugHerd automatically grabs all browser data and even takes screenshots for you, making it ideal for working with remote teams, clients, and QA testers. The BugHerd API allows developers to access and integrate the data and functionality of BugHerd. Some example API methods include listing, creating, and managing projects, listing users, listing and creating comments, and listing, creating, and managing tasks.",,,,,,,,,,,,,,,
Bugrocket,bugrocket,,,,,,,,,,,,,,,,,,
Bugzilla,bugzilla,,,,,,,,,,,,,,,,,,
BulkSMS.my,bulksms,,,"BulkSMS offers bulk text messaging delivery to 200 countries worldwide via a simple HTTP API. Multiple routing and pricing options. The API is available in over 800 networks in over 200 countries. global (economy routing); global (standard routing); australia, austria, belgium, germany, ireland, italy, netherlands, spain, sweden, switzerland, uk (premium routing).",,,,,,,,,,,,,,,
Bullhorn CRM,bullhorn-crm,,,,,,,,,,,,,,,,,,
Bullsender,bullsender,,,,,,,,,,,,,,,,,,
CakeHR,cakehr,,,,,,,,,,,,,,,,,,
Call Loop,call-loop,,,"Call Loop provides web-based voice broadcasting, SMS messaging, and appointment reminder software. Call Loop enables users to send voice and text messages to large audiences, and offers an API allowing developers to integrate Call Loopâ€™s SMS and voice capabilities into their applications. The API allows applications to add or remove contacts from groups and to send SMS texts or voice broadcasts. Potential uses include automated notifications, customer service, order status updates, and more.",,,,,,,,,,,,,,,
Calldrip,call-drip,,,,,,,,,,,,,,,,,,
CallFire,callfire,,,,,,,,,,,,,,,,,,
CallRail,callrail,,,"CallRail is a phone call tracking, recording, and analytics service that helps companies understand which marketing sources are driving phone calls -- online and offline. The CallRail API provides access to data about calls placed through the CallRail call tracking platform. Some example API methods include listing calls, retrieving call information, and retrieving company information. ",,,,,,,,,,,,,,,
CallTrackingMetrics,calltrackingmetrics,,,,,,,,,,,,,,,,,,
Campaign Monitor,campaign-monitor,,,"The Campaign Monitor API allows users to interact and ""sync"" with their Campaign Monitor account via simple web-based methods. Common uses of the API include: *Automatically sync subscribers between Campaign Monitor and a third party tool. *Create and send custom email campaigns to segments of subscribers built on the fly. *Develop useful plugins and integrations like these guys for other popular apps *Automatically create a client account, set billing and load it with ready-to-send templates. The API uses RESTful protocol and responses are formatted in XML or JSON.",,,,,,,,,,,,,,,
Campayn,campayn,,,"Campayn is an email marketing service that allows users to create, share, and track email newsletters. Users can design emails from scratch or use one of Campayn's templates. Templates automatically adjust to the recipeint's device and software so that everything appears as intended. Users may also import and organize contact lists, create simple sign-up forms, and enable social sharing via buttons. Campayn's reporting tracks whether recipients open emails, click on links, or share received emails. The Campayn API allows users to retrieve and manage their contacts, contact lists, forms, and emails.",,,,,,,,,,,,,,,
Campfire,campfire,,,"Campfire is a realtime chat collaboration tool. Share files and links, create rooms for specific discussions. ",,,,,,,,,,,,,,,
Capistrano,capistrano,,,,,,,,,,,,,,,,,,
Capsule CRM,capsulecrm,,,,,,,,,,,,,,,,,,
Caspio Cloud Database,caspio-cloud-database,,,,,,,,,,,,,,,,,,
CastingWords,castingwords,,,CastingWords is an online transcription service aimed at technology oriented online speakers. The service is primarily aimed at podcasters interested in making their work accessible more readily. The CastingWords API provides 100% human transcriptions and allows access to all of the services CastingWords offers. The service uses REST calls to submit audio and can return in a variety of formats once transcribed. An account is required with service and users can access the API using an API key.,,,,,,,,,,,,,,,
Catchwind,catchwind,,,,,,,,,,,,,,,,,,
Cerb,cerb,,,,,,,,,,,,,,,,,,
ChargeBee,chargebee,,,"ChargeBee is a subscription billing service for recurring charges for software as a service (SaaS) subscriptions. The ChargeBee API allows developers to access and integrate the functionality of ChargeBee with other applications. Some example API methods include managing customer information, managing subscriptions, and retrieving information about subscriptions.",,,,,,,,,,,,,,,
ChargeOver,chargeover,,,"ChargeOver features a RESTful API allowing developers to easily integrate recurring billing and payments into their application or website. Create subscriptions, send invoices, collect payments, and more using the developer-friendly APIs. ChargeOver also offers rich Javascript APIs for PCI-compliant credit card sign-up forms, and JSON-based web hooks to allow ChargeOver to notify your application of events and data changes.",,,,,,,,,,,,,,,
Chargify,chargify,,,"Chargify is an online payment service featuring recurring billing. The Chargify API allows developers to integrate the service into their application or website easily, featuring a RESTful interface.",,,,,,,,,,,,,,,
Chartbeat,chartbeat,,,,,,,,,,,,,,,,,,
Chatter,chatter,,,,,,,,,,,,,,,,,,
ChatWork,chatwork,,,,,,,,,,,,,,,,,,
Checkvist,checkvist,,,"The Checkvist Open API is a RESTful API that returns data in either JSON or XML format. The Open API can be used to create, edit, and view Checklists and Tasks Authentication is required only for non-public lists and tasks.",,,,,,,,,,,,,,,
CheddarGetter,cheddargetter,,,CheddarGetter is an online billing and subscription management system designed to make it easier to accept and track payments. The CheddarGetter API allows users to integrate the ChedderGetter service into their website or app.,,,,,,,,,,,,,,,
ChiliProject,chiliproject,,,,,,,,,,,,,,,,,,
CircleCI,circleci,,,,,,,,,,,,,,,,,,
Citrix ShareFile,citrix-sharefile,,,,,,,,,,,,,,,,,,
Clevertim CRM,clevertim-crm,,,,,,,,,,,,,,,,,,
Clearbit,clearbit,,,,,,,,,,,,,,,,,,
Clickatell,clickatell,,,"One of seven SMS APIs offered by Clickatell. Clickatell covers over 819 networks in more than 220 countries. Clickatell will connect you to the wireless world through simple integration. You will be able to send SMS messages around the world to your clients, staff or user-database. All our APIs support text, Unicode, binary SMS and flash messaging. HTTP offers simple, versatile internet connectivity to the Clickatell API. It can be used either in the form of an HTTP POST or GET. Our API Supports Text, Flash, Unicode and 8-bit SMS messaging, and offers complete customisation and personalisation allowing the client to define the Sender ID (on limited networks) and message content.",,,,,,,,,,,,,,,
ClickDesk,clickdesk,,,,,,,,,,,,,,,,,,
ClinchPad,clinchpad,,,,,,,,,,,,,,,,,,
Clio,clio,,,"Clio is a legal practice management system suitable for small to mid-sized law firms. It offers a suite of tools to help users manage their practice including document management, time tracking, billing, scheduling and more. The Clio API allows users to access functionality of the system and data stored within. Functionality includes operations on activities, bills, contacts, matters, tasks and users. The API uses RESTful calls and responses are formatted in JSON.",,,,,,,,,,,,,,,
Clock,clock,,,,,,,,,,,,,,,,,,
Close.io,closeio,,,,,,,,,,,,,,,,,,
Cloudlly,cloudlly,,,,,,,,,,,,,,,,,,
Cloud Foundry,cloudfoundry,,,,,,,,,,,,,,,,,,
Cloud9,cloud9,,,,,,,,,,,,,,,,,,
Cloudant,cloudant,,,,,,,,,,,,,,,,,,
CloudBees,cloudbees,,,,,,,,,,,,,,,,,,
CloudFlare,cloudflare,,,,,,,,,,,,,,,,,,
CloudForge,cloudforge,,,,,,,,,,,,,,,,,,
Cloudpipes,cloudpipes,,,,,,,,,,,,,,,,,,
CloudShare,cloudshare,,,,,,,,,,,,,,,,,,
CocoaPods,cocoapods,,,,,,,,,,,,,,,,,,
Codebase,codebase,,,,,,,,,,,,,,,,,,
CodePlex,codeplex,,,,,,,,,,,,,,,,,,
Codeship,codeship,,,,,,,,,,,,,,,,,,
Cognito Forms,cognito-forms,,,,,,,,,,,,,,,,,,
Coinbase,coinbase,,,"Coinbase is an electronic service and ""wallet"" for bitcoins and digital currency. Users can transfer currency, pay merchants, and make other payments instantly. The Coinbase API allows developers to access and integrate the functionality of Coinbase with other applications. Some example API methods include retrieving account information and balances, sending money, requesting money, and managing user information.",,,,,,,,,,,,,,,
Composer,composer,,,,,,,,,,,,,,,,,,
Confluence,confluence,,,,,,,,,,,,,,,,,,
Constant Contact,constant-contact,,,,,,,,,,,,,,,,,,
Contactually,contactually,,,"Contactually is a customer relationship management system. Some features of Contactually include automatic contact management, recommended actions for contacts based on history, and exploring other opportunities through the user's network. The Contactually API allows developers to access and integrate the functionality with other applications. Some example API methods include managing contacts, retrieving contact histories, and listing information about contacts.",,,,,,,,,,,,,,,
ContactUs.com,contact-us-dot-com,,,,,,,,,,,,,,,,,,
Contentful,contentful,,,"Contentful is a content management system (CMS) for mobile and web applications. Contentful offers a variety of CMS features for mobile and web app publishers and delivers the content to multiple channels from the CMS. The Contentful API allows developers to access and integrate the functionality of Contentful with other applications. Some example API methods include setting up content spaces, retrieving content, pushing content out, and managing content.",,,,,,,,,,,,,,,
Context.IO,context,,,,,,,,,,,,,,,,,,
Convo,convo,,,Convo is a collaboration platform for distributed work teams. Convo offers an online platform and features for teams to stay connected to collaborate on work and projects. The Convo API allows developers to access and integrate the functionality of Convo with other applications. The main API method is to customize and integrate conversation feeds from the collaboration platform.,,,,,,,,,,,,,,,
CouchDB,couchdb,,,,,,,,,,,,,,,,,,
Coveralls,coveralls,,,,,,,,,,,,,,,,,,
CPAN,cpan,,,,,,,,,,,,,,,,,,
Craigslist,craigslist,,,,,,,,,,,,,,,,,,
Credit Repair Cloud,credit-repair-cloud,,,,,,,,,,,,,,,,,,
Crittercism,crittercism,,,Crittercism is a mobile application error monitoring and network monitoring service. Crittercism allows application owners and developers access application diagnostics and identify errors and problems. The Crittercism API allows developers to access and integrate the functionality of Crittercism with other applications. Public documentation is not available; API access comes with a premium Crittercism account.,,,,,,,,,,,,,,,
Cronofy Calendar Connector,cronofy-calendar-api,,,,,,,,,,,,,,,,,,
Crucible,crucible,,,,,,,,,,,,,,,,,,
CruiseControl,cruisecontrol,,,,,,,,,,,,,,,,,,
CrunchBase,crunchbase,,,"CrunchBase is a product of TechCrunch and is a directory of technology companies, people, and investment profiles especially for companies involved in Web 2.0. The read-only API allows for retrieving all information that is available from the database, with some search criteria, and it uses JSON for the output formats. It is not necessary to have a developer account or an API key, and there are no current restrictions on the number of requests.",,,,,,,,,,,,,,,
CudaDrive,cudadrive,,,,,,,,,,,,,,,,,,
CudaSign,cudasign,,,,,,,,,,,,,,,,,,
CVS,cvs,,,,,,,,,,,,,,,,,,
Cyfe,cyfe,,,,,,,,,,,,,,,,,,
Dailymotion,dailymotion,,,,,,,,,,,,,,,,,,
DaPulse,dapulse,,,"daPulse is a tool for improving company transparency. It helps keep people at all levels of an organization apprised of its immediate and long-term plans, so that they can work toward them together. A ""Pulse"" is a collaborative space where people can communicate, share files, and develop a knowledge base. Users can easily comment on and mark up shared documents.",,,,,,,,,,,,,,,
Databox,databox,,,"Databox is a data connection and dashboard service. Databox provides features that allow users to connect to datasources, visualize data, and analyze data. The Databox API allows developers to access and integrate the functionality of Databox with other applications. Public documentation is not available; API access comes with account service. ",,,,,,,,,,,,,,,
Datadog,datadog,,,,,,,,,,,,,,,,,,
DataSift,datasift,,,"DataSift provides very granular and modular 'sifting' functions from across a wide range of social and web input feeds, augmenting them with sentiment analysis, storage and analytics to offer an unrivalled service platform, which leverages the cloud and scales infinitely. The DataSift API allows developers to consume filtered data from DataSift, and edit various resources hosted on the site. Some parts of the API do not require authorization, others recommend authorization, and the rest require authorization. ",,,,,,,,,,,,,,,
Delicious,delicious,,,,,,,,,,,,,,,,,,
Deploy,deploy,,,,,,,,,,,,,,,,,,
Delivra,delivra,,,"Delivra is an email marketing software firm that also provides professional consulting, design, and other services to its clients. Customers can integrate their own applications with Delivra's software using the Delivra API. Through the API, users can manage accounts settings, mailing list membership, email templates, subscriptions, and scheduled mailings. They can also record website activity that results from a mailing and retrieve a history of bounces, click-throughs, unsubscribes, and other such results. ",,,,,,,,,,,,,,,
Deputy,deputy,,,,,,,,,,,,,,,,,,
Desk,desk,,,,,,,,,,,,,,,,,,
Desktop Notifications,desktop,,,,,,,,,,,,,,,,,,
Device Magic,devicemagic,,,,,,,,,,,,,,,,,,
DialMyCalls,dialmycalls,,,"DialMyCalls is a service that calls or texts phone numbers with user-created voice messages or text messages. DialMyCalls can be used for a variety of messaging needs, such as emergencies, political calls, and school updates. The DialMyCalls API allows developers to access and integrate the functionality of DialMyCalls with other applications. Some example API methods include adding and managing contacts, retrieving call history, placing calls, and creating and managing messages.",,,,,,,,,,,,,,,
Diffbot,diffbot,,,,,,,,,,,,,,,,,,
Diigo,diigo,,,"Diigo provides a browser add-on that can improve your research productivity. As you read on the web, instead of just bookmarking, you can highlight portions of web pages that are of particular interest to you. You can also attach sticky notes to specific parts of web pages.",,,,,,,,,,,,,,,
Digital Ocean,digitalocean,,,"DigitalOcean provides a simple, cloud based virtual server (droplet) service. With over 13,000 cloud servers currently in operation, DigitalOcean is a well-established provider of online storage solutions with fast, realtime control. With a streamlined interface, users are able to create and start utilizing a virtual server in under a minute. The API provides all the same services as the web control panel to allow full control over your Droplet virtual servers. Using a simple, REST interface you can make calls for: shutting down, power cycling your virtual server, show all active droplets, take a snapshot, rebuild your droplet, and more. The API supports all major droplet functions allowing you to effectively run your server through the API.",,,,,,,,,,,,,,,
Direct Mail,direct-mail,,,"Direct Mail is a Mac OS X app for designing email newsletters, as well as creating and sending email campaigns. Includes campaign performance monitoring, subscriber list management features, and Mac business app integration capabilities. The RESTful Direct Mail API can be used to programmatically add, update, and delete messages, mailing lists, and campaign reports. To use the API, a user must have Direct Mail version 4 or later installed. API requests are authenticated with basic HTTP and authorized with an API key.",,,,,,,,,,,,,,,
Discourse,discourse,,,,,,,,,,,,,,,,,,
Disqus,disqus,,,"Disqus provides an API for users to interact with the Disqus backend. Disqus is the webwide discussion community where you carry your conversations with you. For Bloggers - Plug in and experience the best comment system, backed by your own forum. For Everyone - Claim and track your comments across blogs!",,,,,,,,,,,,,,,
Displet,displet-retsidx,,,,,,,,,,,,,,,,,,
Docker,docker,,,"Docker is an open-source platform to build, deploy, and manage containers for applications. Docker offers a variety of features that allow applications to run on any server and on multiple platforms. The Docker API allows developers to access and integrate the functionality of Docker with other applications. Some example API methods include managing user accounts, managing files, and retrieving containers and repositories and associated data.",,,,,,,,,,,,,,,
DocSend,docsend,,,,,,,,,,,,,,,,,,
DocuSign,docusign,,,,,,,,,,,,,,,,,,
Donately,donately,,,"Donately is a REST API that allows for users to make online donations. Donately API provides a space for non-profits to manage their donors and online giving activity. Authentication is through API token and standard HTTP and all responses, including errors, are returned in JSON. The extensive documentation of requests covers information and administrative actions regarding accounts, people, donations, and fundraisers. Donately API is a fee based service that is available for worldwide fundraising transactions.",,,,,,,,,,,,,,,
Dribbble,dribbble,,,"Dribbble API provides access to the webdesign showcases on dribbble.com. You can access individual shots, players, comments, and more details. Note: As of Dec. 2010, no API key is required, but according to the site, this will likely change (as well as the API call limit).",,,,,,,,,,,,,,,
Drip,drip,,,"Drip is an email marketing service designed to capture contact information from website visitors using opt-in forms. These forms only require users to make a few style choices before they're ready to go. Users can customize their automated email contact sequence based on their own blog posts or e-books, or they can use Drip's pre-made sequence blueprints. Drip's opt-in forms can be inserted into websites using a snippet of JavaScript code.",,,,,,,,,,,,,,,
drone.io,drone-io,,,,,,,,,,,,,,,,,,
Dropbox,dropbox,,,"Dropbox is a storage service that syncs files online and across your computers via installed software. The API allows read/write access to the same files, piggybacking on Dropbox's file synchronization and storage.",,,,,,,,,,,,,,,
Drupal,drupal,,,,,,,,,,,,,,,,,,
Ducksboard,ducksboard,,,"Ducksboard is a web metrics and analytics platform. Ducksboard allows users to track their web metrics and produce analysis and reports based on the metrics. The Ducksboard API allows developers to access and integrate the functionality of Ducksboard with other applications. Some example API methods include retrieving data, sending data, and managing accounts. Ducksboard offers push, pull, and dashboard APIs.",,,,,,,,,,,,,,,
Dwolla,dwolla,,,"The Dwolla API provides an interface to integrate the Dwolla payments platform into a software application. Dwolla is a payments processor that provides a web based platform which allows users to send, receive, and request funds from any other. Dwolla can be used to share money with friends through Facebook and Twitter. Users can also purchase goods and services through the web and mobile devices. The API provides developers with the functionality to send, request, and retrieve account history and send money between Dwolla accounts. The API uses both REST and SOAP protocol and responses are formatted in XML or JSON.",,,,,,,,,,,,,,,
E-goi,e-goi,,,"E-goi is a multichannel marketing service integrating Email, SMS, voice, fax and social media. The E-goi API provides developers with REST, SOAP, and XML-RPC interfaces for automating all aspects of E-goiâ€™s marketing services.",,,,,,,,,,,,,,,
E-junkie,e-junkie,,,,,,,,,,,,,,,,,,
eBay,ebay,,,"eBay's primary web services are found in the three following API's: The [[http://www.programmableweb.com/api/ebay-trading Trading API]] is designed to provide robust support for transactional activities. The services offered by the Trading API allow developers to list items, manage user information, get item information, and manage eBay sales and purchases. The [[http://www.programmableweb.com/api/ebay-shopping Shopping API]] is a more lightweight service that is optimized for buyer shopping and browsing. The Shopping API lets users take searches off of eBay and put them into their own site or application. This API is designed for the creation of buying applications with very fast response times. The [[http://www.programmableweb.com/api/ebay-finding Finding API]] is eBay's next generation search API. The Finding API provides more relevant search results compared to existing search API's and has an array of search refinement capabilities. Developers can leverage the Finding API to integrate more robust searching and browsing experiences into their buying applications. Note: As of October 2011, eBay has deprecated the GetSearchResults and GetCategoryListings services from the Trading API, and the FindItemsAdvanced and FindItems services from the Shopping API. This functionality has been migrated to the Finding API.",,,,,,,,,,,,,,,
Echosign,echosign,,,"The EchoSign Document API allows third parties to integrate EchoSign's functionality into their own applications. If you or your users generate documents and contracts that need electronic signatures, this API can integrate into your document flow to improve the sending, tracking, and filing process.",,,,,,,,,,,,,,,
Ecwid,ecwid,,,"Ecwid is an ecommerce company that provides individuals a way to create their own retail shop on the internet. The Ecwid API lets developers integrate its various services with their applications, enabling their users to directly access Ecwid account from the applications. The API is REST based, and uses OAuth 2 authentication.",,,,,,,,,,,,,,,
Engine Yard,engineyard,,,,,,,,,,,,,,,,,,
Egnyte,egnyte,,,"Egnyte allows enterprises to store files in the right place based on file size, security, and compliance needs with a unique solution that can be cloud only, on-prem only or synchronized between cloud and on-prem storage. Users get the seamless access and file sharing from any device regardless of where files are stored.",,,,,,,,,,,,,,,
EmailDirect,emaildirect,,,"The service provides tools for managing email marketing campaigns, with bulk messaging and list management and control of feedback loops such as unsubscribe request and complaint processing. It facilitates white-listing management and handling of bounce and bad-address functions. Analytical tools include message tracking and delivery statistics. API methods support list and subscriber management (add/edit/delete), campaign configuration and message delivery, and bounced message management. Methods also support tracking by data source, subscriber history, and domain.",,,,,,,,,,,,,,,
Emma,emma,,,"Emma's Web Services suite will allow a client's software to access many of Emma's audience and response-tracking features. Emma offers two levels of API integration. The first is the Remote Signup feature whereby users can bypass the Emma-powered signup forms and create signup forms that are linked to their Emma account. Web Services allows a higher level of synchronization between a user database and the Emma database. The API allows functionality such as # Add or delete member fields to have your Emma email-marketing database mirror the structure of your master database # Add, edit and delete groups to mirror your master database groups/lists, and move people about from group to group # Add, edit and delete member records in your Emma database to reflect changes in yours # Retrieve overall stats for email campaigns to be merged with broader campaign reports The API uses SOAP protocol and responses are formatted in XML.",,,,,,,,,,,,,,,
Envoy,envoy,,,"The Envoy REST API allows developers to access and integrate the functionality of Envoy with other applications. Some example API methods include listing employees and retrieving employee details, registering visitors, and managing employee and visitor check-in. Envoy is a visitor registration platform for offices.",,,,,,,,,,,,,,,
Epos Now,epos-now,,,,,,,,,,,,,,,,,,
Esponce,esponce,,,"Esponce is a mobile marketing platform that allows users to create QR codes, track and analyze their use, and integrate codes with mobile web apps. Through their mobile marketing platform, Esponce also provides features for mobile content and delivery, including a white label solution that is designed to give users an optimized platform for building and deploying their web apps without having to configure them for multiple mobile OS's. Esponce's RESTful API uses XML or JSON data formats to generate or decode QR codes without an API key. With an API key, users can take advantage of more robust features such as managing campaigns, generating lists of campaigns and trackable QR codes, managing QR codes, and gathering usage statistics about individual QR codes",,,,,,,,,,,,,,,
eStreamDesk,estreamdesk,,,,,,,,,,,,,,,,,,
Etsy,etsy,,,Etsy is an online marketplace for buying and selling handmade things. The Etsy API lets you develop applications built on this fast growing e-commerce platform.,,,,,,,,,,,,,,,
Eve Online,eve-online,,,"The CREST API is a read and write API for use with EVE Online Universe game. This API allows for scalable cluster interaction and uses HTTP GET, PUT, and DELETE requests to modify representation of game specific resources. Resources are stored as hypermedia documents that are JSON formatted. EVE Online is a futuristic online gaming experience, set in space. Players explore over 7,000 star systems, cast as elite spaceship pilots. Using sandbox gameplay and skilled based progression, EVE Online players wage cosmic war, discover new worlds, and create new economic ventures as they travel across galaxies. ",,,,,,,,,,,,,,,
Eventbrite,eventbrite,,,"Eventbrite's API web services allows developers to create users and events as well as pull the associated events into an application. Using the API, developers may access Eventbrite data and create, update, and get events. The API can be used to retrieve a list of attendees, transactions, venues and much more. Developers can sign up for a referral program to earn a revenue share here: http://www.eventbrite.com/referral-program",,,,,,,,,,,,,,,
Eventjoy,eventjoy,,,The Eventjoy REST API allows developers to access and integrate the functionality of Eventjoy with other applications using JSON. Public documentation is not available; interested developers should contact Eventjoy for API access. Eventjoy is an event ticketing platform that is free and optimized for mobile devices.,,,,,,,,,,,,,,,
Everbridge Suite,everbridge-suite,,,,,,,,,,,,,,,,,,
Evernote,evernote-business,,,,,,,,,,,,,,,,,,
Evernote Business,evernote,,,"Evernote makes it easy to remember things big and small from your notable life using your computer, phone, and the web. Evernote's web service API provides secure access for your applications using the same network communications that are used by Evernote's own client software, including the ability to create, read, update and delete notes, notebooks and tags. Third party integrations are a critical part of the Evernote ecosystem and are heavily promoted via the [[https://appcenter.evernote.com/ App Center]] and [[http://blog.evernote.com/category/friends_partners/ company blog]].",,,,,,,,,,,,,,,
ExactTarget,exacttarget,,,,,,,,,,,,,,,,,,
Exceptional,exceptional,,,"Exceptional is a web application bug tracking service. Exceptional allows users to track bugs, comment on errors and bugs, search errors, and create error reports. The Exceptional API allows developers to access and integrate the publish functionality of Exceptional with other applications and to create new applications. API methods include searching and retrieving error information",,,,,,,,,,,,,,,
Exceptionless,exceptionless,,,,,,,,,,,,,,,,,,
Expensify,expensify,,,,,,,,,,,,,,,,,,
Facebook,facebook,,,"The Facebook API is a platform for building applications that are available to the members of the social network of Facebook. The API allows applications to use the social connections and profile information to make applications more involving, and to publish activities to the news feed and profile pages of Facebook, subject to individual users privacy settings. With the API, users can add social context to their applications by utilizing profile, friend, Page, group, photo, and event data. The API uses RESTful protocol and responses are in JSON format.",,,,,,,,,,,,,,,
Facebook Groups,facebook-groups,,,,,,,,,,,,,,,,,,
Facebook Messenger,facebook-messenger,,,,,,,,,,,,,,,,,,
Facebook Pages,facebook-pages,,,,,,,,,,,,,,,,,,
Factual,factual,,,"Factual is an open data platform for application developers that leverages large-scale data aggregation and community exchange. Our focus is on making data more accessible (i.e. cheaper, higher quality, less encumbered) for machines and developers, to drive and accelerate innovation in an unprecedented way. We take on the dirty work of data management and data curation, letting developers focus on higher value and more productive tasks. We provide clean, structured data with complete source transparency to developers via both download and API access on liberal terms.",,,,,,,,,,,,,,,
FeedBurner,feedburner,,,"FeedBurner offers developers an established library of APIs for interacting with the service. FeedBurner is a web feed management provider that provides custom RSS feeds and management tools to bloggers, podcasters, and other web-based content publishers. Using the features this library provides, anyone with a FeedBurner account may perform some of the most common actions available on the service programmatically. Currently the library contains three APIs: The FeedFlare API allows anyone to develop new FeedFlare units that tag, share, and interact with syndicated content, wherever it goes. Using FlareAPI to create new units can be as simple as displaying a link to related content, or as powerful as incorporating another web service. The FeedBurner Awareness API allows publishers of FeedBurner feeds to reuse the detailed traffic statistics captured for any of their feeds. Third-party applications and web services that consume feeds can leverage this data to provide feed awareness statistics to potential subscribers. FeedBurner captures traffic data at an overall level for every feed. Feeds that have item-level tracking enabled have access to much more detailed data at the individual item level. This data includes ""resyndication"" information, which is very useful for determining where and how a feed is being consumed. The FeedBurner Management API allows publishers of FeedBurner feeds to create and manage feeds within their FeedBurner accounts. Currently, the Feed Management API is offered only to Google partners who were previously under contract with FeedBurner. FeedBurner web services use the REST protocol to receive requests and return data over HTTP. Data is exchanged as plain text XML which can be repurposed, transformed, and displayed by applications that you build. ",,,,,,,,,,,,,,,
Feedly,feedly,,,"Feedly is an RSS, blog-feed reader. feedly allows users to aggregate and track all of the blogs and RSS feeds they want to follow in one application (for web, mobile, and tablet). The feedly API allows developers to access and integrate the functionality of feedly with other applications and to create new applications. Some example API methods include retrieving RSS subscriptions. managing categories of RSS feeds, and managing user information.",,,,,,,,,,,,,,,
Findmyshift,findmyshift,,,,,,,,,,,,,,,,,,
Firebase,firebase,,,,,,,,,,,,,,,,,,
Firebird,firebird,,,,,,,,,,,,,,,,,,
FireText,firetext,,,,,,,,,,,,,,,,,,
Flattr,flattr,,,,,,,,,,,,,,,,,,
Fleep,fleep,,,,,,,,,,,,,,,,,,
Flic,flic,,,,,,,,,,,,,,,,,,
Flickr,flickr,,,,,,,,,,,,,,,,,,
Float,float,,,,,,,,,,,,,,,,,,
Flowdock,flowdock,,,,,,,,,,,,,,,,,,
FluidSurveys,fluidsurveys,,,,,,,,,,,,,,,,,,
Flurry,flurry,,,,,,,,,,,,,,,,,,
FogBugz,fogbugz,,,,,,,,,,,,,,,,,,
Follow Up Boss,follow-up-boss,,,,,,,,,,,,,,,,,,
FollowUp.cc,followup,,,,,,,,,,,,,,,,,,
Formdesk,formdesk,,,,,,,,,,,,,,,,,,
FormForAll,formforall,,,,,,,,,,,,,,,,,,
Formidable,formidable,,,,,,,,,,,,,,,,,,
Formitize,formitize,,,,,,,,,,,,,,,,,,
FormKeep,formkeep,,,,,,,,,,,,,,,,,,
FormSite,formsite,,,,,,,,,,,,,,,,,,
Formstack,formstack,,,,,,,,,,,,,,,,,,
Foursquare,foursquare,,,,,,,,,,,,,,,,,,
Freckle,freckle,,,,,,,,,,,,,,,,,,
FreeAgent,freeagent,,,,,,,,,,,,,,,,,,
FreshBooks,freshbooks,,,,,,,,,,,,,,,,,,
Freshdesk,freshdesk,,,,,,,,,,,,,,,,,,
FreshMail,freshmail,,,,,,,,,,,,,,,,,,
Freshservice,freshservice,,,,,,,,,,,,,,,,,,
Fulcrum,fulcrum,,,,,,,,,,,,,,,,,,
FullContact,fullcontact,,,,,,,,,,,,,,,,,,
FullStory,fullstory,,,,,,,,,,,,,,,,,,
Gandi,gandi,,,,,,,,,,,,,,,,,,
Gauges,gauges,,,,,,,,,,,,,,,,,,
Geckoboard,geckoboard,,,,,,,,,,,,,,,,,,
Genoo,genoo,,,,,,,,,,,,,,,,,,
Gerrit,gerrit,,,,,,,,,,,,,,,,,,
Get Satisfaction,get-satisfaction,,,,,,,,,,,,,,,,,,
GetResponse,getresponse,,,,,,,,,,,,,,,,,,
Git,git,,,,,,,,,,,,,,,,,,
GitHub,github,,,,,,,,,,,,,,,,,,
GitLab,gitlab,,,,,,,,,,,,,,,,,,
GitLab CI,gitlab-ci,,,,,,,,,,,,,,,,,,
Gitorious,gitorious,,,,,,,,,,,,,,,,,,
Glip,glip,,,,,,,,,,,,,,,,,,
Gizoogle,gizoogle,,,,,,,,,,,,,,,,,,
Gmail,gmail,,,,,,,,,,,,,,,,,,
Google AdSense,google-adsense,,,,,,,,,,,,,,,,,,
Google AdWords,google-adwords,,,,,,,,,,,,,,,,,,
Google Analytics,google-analytics,,,,,,,,,,,,,,,,,,
Google App Engine,google-appengine,,,,,,,,,,,,,,,,,,
Google Apps for Work,google-apps,,,,,,,,,,,,,,,,,,
Google Calendar,google-calendar,Lets you manipulate events and other calendar data.,"Google Calendar lets you organize your schedule and share events with co-workers and friends. With Google's free online calendar, it's easy to keep track of your daily schedule.",,http://google.com,https://www.googleapis.com/calendar/v3/,https://developers.google.com/google-apps/calendar,,,"Rest, JSON",v3,,Yes,,http://groups.google.com/group/google-calendar-help-dataapi/topics,,http://groups.google.com/group/google-calendar-help-dataapi,Oauth 2,https://www.googleapis.com/discovery/v1/apis/calendar/v3/rest
Google Cloud Print,google-cloudprint,,,,,,,,,,,,,,,,,,
Google Code,google-code,,,,,,,,,,,,,,,,,,
Google Contacts,google-contacts,,,,,,,,,,,,,,,,,,
Google Docs,google-docs,,,,,,,,,,,,,,,,,,
Google Drive,google-drive,,,,,,,,,,,,,,,,,,
Google Forms,google-forms,,,,,,,,,,,,,,,,,,
Google Glass,google-glass,,,,,,,,,,,,,,,,,,
Google Groups,google-groups,,,,,,,,,,,,,,,,,,
Google Search,google-search,,,,,,,,,,,,,,,,,,
Google Sheets,google-sheets,,,,,,,,,,,,,,,,,,
Google Talk,google-talk,,,,,,,,,,,,,,,,,,
Google Tasks,google-tasks,,,,,,,,,,,,,,,,,,
Google Translate,google-translate,,,,,,,,,,,,,,,,,,
Google Wallet,google-wallet,,,,,,,,,,,,,,,,,,
Google+,google-plus,,,,,,,,,,,,,,,,,,
GoSquared,gosquared,,,,,,,,,,,,,,,,,,
GoToMeeting,gotomeeting,,,,,,,,,,,,,,,,,,
GoToTraining,gototraining,,,,,,,,,,,,,,,,,,
GoToWebinar,gotowebinar,,,,,,,,,,,,,,,,,,
Gravatar,gravatar,,,,,,,,,,,,,,,,,,
Gravity Forms,gravity-forms,,,,,,,,,,,,,,,,,,
GreenHopper,greenhopper,,,,,,,,,,,,,,,,,,
Groove,groove,,,,,,,,,,,,,,,,,,
Groupon,groupon,,,,,,,,,,,,,,,,,,
Grove,grove,,,,,,,,,,,,,,,,,,
Growl,growl,,,,,,,,,,,,,,,,,,
Gumroad,gumroad,,,,,,,,,,,,,,,,,,
Hacker News,hackernews,,,,,,,,,,,,,,,,,,
Hackpad,hackpad,,,,,,,,,,,,,,,,,,
Happy Grasshopper,happy-grasshopper,,,,,,,,,,,,,,,,,,
HappyFox,happyfox,,,,,,,,,,,,,,,,,,
Harvest,harvest,,,,,,,,,,,,,,,,,,
HelloFax,hellofax,,,,,,,,,,,,,,,,,,
HelloSign,hellosign,,,,,,,,,,,,,,,,,,
Help Scout,help-scout,,,,,,,,,,,,,,,,,,
Heroku,heroku,,,,,,,,,,,,,,,,,,
Highrise,highrise,,,,,,,,,,,,,,,,,,
HipChat,hipchat,,,,,,,,,,,,,,,,,,
Hiveage,hiveage,,,,,,,,,,,,,,,,,,
Hoiio,hoiio,,,,,,,,,,,,,,,,,,
HootSuite,hootsuite,,,,,,,,,,,,,,,,,,
HotspotSystem,hotspotsystem,,,,,,,,,,,,,,,,,,
Hosted Graphite,hostedgraphite,,,,,,,,,,,,,,,,,,
HP IDOL,idol-ondemand,,,,,,,,,,,,,,,,,,
Hubot,hubot,,,,,,,,,,,,,,,,,,
HubSpot,hubspot,,,,,,,,,,,,,,,,,,
HubSpot CRM,hubspot-crm,,,,,,,,,,,,,,,,,,
Huddle,huddle,,,,,,,,,,,,,,,,,,
Hudson,hudson,,,,,,,,,,,,,,,,,,
Ibelsa.rooms,ibelsa-rooms,,,,,,,,,,,,,,,,,,
IBM Watson,ibm-watson,,,,,,,,,,,,,,,,,,
iContact,icontact,,,,,,,,,,,,,,,,,,
iCloud,icloud,,,,,,,,,,,,,,,,,,
iDoneThis,ibelsa-rooms,,,,,,,,,,,,,,,,,,
iFormBuilder,iformbuilder,,,,,,,,,,,,,,,,,,
Imgur,imgur,,,,,,,,,,,,,,,,,,
Inbound Now,inbound-now,,,,,,,,,,,,,,,,,,
Informix,informix,,,,,,,,,,,,,,,,,,
Infusionsoft,infusionsoft,,,,,,,,,,,,,,,,,,
INinbox,ininbox,,,,,,,,,,,,,,,,,,
Insightly,insightly,,,,,,,,,,,,,,,,,,
Insping,insping,,,,,,,,,,,,,,,,,,
Instagram,instagram,,,,,,,,,,,,,,,,,,
Instant Contact,instant-contact,,,,,,,,,,,,,,,,,,
Instapaper,instapaper,,,,,,,,,,,,,,,,,,
Instapush,instapush,,,,,,,,,,,,,,,,,,
Intellinote,intellinote,,,,,,,,,,,,,,,,,,
Interakt,interakt,,,,,,,,,,,,,,,,,,
Intercom,intercom,,,,,,,,,,,,,,,,,,
Interstate,interstate,,,,,,,,,,,,,,,,,,
Invoice Ninja,invoice-ninja,,,,,,,,,,,,,,,,,,
iPhone,iphone,,,,,,,,,,,,,,,,,,
IRC,irc,,,,,,,,,,,,,,,,,,
Jabber,jabber,,,,,,,,,,,,,,,,,,
Jenkins,jenkins,,,,,,,,,,,,,,,,,,
Jira,jira,,,,,,,,,,,,,,,,,,
Jive,jive,,,,,,,,,,,,,,,,,,
Joomla!,joomla,,,,,,,,,,,,,,,,,,
JotForm,jotform,,,,,,,,,,,,,,,,,,
Jumplead,jumplead,,,,,,,,,,,,,,,,,,
Kanbanery,kanbanery,,,,,,,,,,,,,,,,,,
KanbanTool,kanbantool,,,,,,,,,,,,,,,,,,
Kato,kato,,,,,,,,,,,,,,,,,,
Kayako,kayako,,,,,,,,,,,,,,,,,,
Keen IO,keen-io,,,,,,,,,,,,,,,,,,
Keep In Touch,keep-in-touch,,,,,,,,,,,,,,,,,,
KickoffLabs,kickofflabs,,,,,,,,,,,,,,,,,,
Kickstarter,kickstarter,,,,,,,,,,,,,,,,,,
Kiln,kiln,,,,,,,,,,,,,,,,,,
Kintone,kintone,,,,,,,,,,,,,,,,,,
Kinvey,kinvey,,,,,,,,,,,,,,,,,,
KiSSFLOW,kissflow,,,,,,,,,,,,,,,,,,
KISSmetrics,kissmetrics,,,,,,,,,,,,,,,,,,
Klout,klout,,,,,,,,,,,,,,,,,,
Knack,knack,,,,,,,,,,,,,,,,,,
Kontagent,kontagent,,,,,,,,,,,,,,,,,,
Lander,lander,,,,,,,,,,,,,,,,,,
Last.fm,lastfm,,,,,,,,,,,,,,,,,,
Launchpad,launchpad,,,,,,,,,,,,,,,,,,
LaunchRock,launchrock,,,,,,,,,,,,,,,,,,
LeaderSend,leadersend,,,,,,,,,,,,,,,,,,
LeadOutcome,leadoutcome,,,,,,,,,,,,,,,,,,
LeadPages,leadpages,,,,,,,,,,,,,,,,,,
LeadSimple,leadsimple,,,,,,,,,,,,,,,,,,
LeanKit,leankit,,,,,,,,,,,,,,,,,,
Leftronic,leftronic,,,,,,,,,,,,,,,,,,
LessAccounting,less-accounting,,,,,,,,,,,,,,,,,,
Lighthouse,lighthouse,,,,,,,,,,,,,,,,,,
LinkedIn,linkedin,,,,,,,,,,,,,,,,,,
Linode,linode,,,,,,,,,,,,,,,,,,
LiquidPlanner,liquid-planner,,,,,,,,,,,,,,,,,,
LiveAgent,liveagent,,,,,,,,,,,,,,,,,,
LiveChat,livechat,,,,,,,,,,,,,,,,,,
Lob,lob,,,,,,,,,,,,,,,,,,
Lockitron,lockitron,,,,,,,,,,,,,,,,,,
LogDigger,logdigger,,,,,,,,,,,,,,,,,,
Loggly,loggly,,,,,,,,,,,,,,,,,,
LuaRocks,luarocks,,,,,,,,,,,,,,,,,,
Mad Mimi,mad-mimi,,,,,,,,,,,,,,,,,,
Magento,magento,,,,,,,,,,,,,,,,,,
Magentrix,magentrix,,,,,,,,,,,,,,,,,,
Magi Metrics,mailchimp,,,,,,,,,,,,,,,,,,
Magnum CI,magnum-ci,,,,,,,,,,,,,,,,,,
MailChimp,mailerlite,,,,,,,,,,,,,,,,,,
MailerLite,mailgun,,,,,,,,,,,,,,,,,,
Mailgun,mailigen,,,,,,,,,,,,,,,,,,
Mailigen,mailjet,,,,,,,,,,,,,,,,,,
Mailinator,mailinator,,,,,,,,,,,,,,,,,,
Mailjet,mailparserio,,,,,,,,,,,,,,,,,,
mailparser.io,mailup,,,,,,,,,,,,,,,,,,
MailUp,mandrill,,,,,,,,,,,,,,,,,,
Mandrill,marketvolt,,,,,,,,,,,,,,,,,,
MantisBT,mantis,,,,,,,,,,,,,,,,,,
Marketo,marketo,,,,,,,,,,,,,,,,,,
MarketVolt,marketvolt,,,,,,,,,,,,,,,,,,
MATRIX LMS,matrix-lms,,,,,,,,,,,,,,,,,,
Maven,maven,,,,,,,,,,,,,,,,,,
Mavenlink,mavenlink,,,,,,,,,,,,,,,,,,
Media Temple,mediatemple,,,,,,,,,,,,,,,,,,
MediaWiki,mediawiki,,,,,,,,,,,,,,,,,,
Meetup,meetup,,,,,,,,,,,,,,,,,,
Megaventory,megaventory,,,,,,,,,,,,,,,,,,
Mention,mention,,,,,,,,,,,,,,,,,,
Mercurial,mercurial,,,,,,,,,,,,,,,,,,
Message Bus,message-bus,,,,,,,,,,,,,,,,,,
MessageBird,messagebird,,,,,,,,,,,,,,,,,,
Microsoft Access,mg-sales-assessments,,,,,,,,,,,,,,,,,,
Microsoft Azure,windows-azure-web-sites,,,,,,,,,,,,,,,,,,
Microsoft Dynamics CRM,microsoft-access,,,,,,,,,,,,,,,,,,
Microsoft Excel,microsoft-excel,,,,,,,,,,,,,,,,,,
Microsoft Exchange,microsoft-dynamics,,,,,,,,,,,,,,,,,,
Microsoft SharePoint,microsoft-sharepoint,,,,,,,,,,,,,,,,,,
Microsoft SQL Server,microsoft-sqlserver,,,,,,,,,,,,,,,,,,
Microsoft Translator,microsoft-translator,,,,,,,,,,,,,,,,,,
MINDBODY,mindbody,,,,,,,,,,,,,,,,,,
Mixpanel,mixpanel,,,,,,,,,,,,,,,,,,
MobileWorks,mobileworks,,,,,,,,,,,,,,,,,,
Mobyt SMS,mobyt-sms,,,,,,,,,,,,,,,,,,
Mojo Helpdesk,mojo-helpdesk,,,,,,,,,,,,,,,,,,
MongoDB,mongodb,,,,,,,,,,,,,,,,,,
MongoHQ,mongohq,,,,,,,,,,,,,,,,,,
Monitis,monitis,,,,,,,,,,,,,,,,,,
MoonClerk,moonclerk,,,,,,,,,,,,,,,,,,
Moxtra,moxtra,,,,,,,,,,,,,,,,,,
MyPhoneRoom,myphoneroom,,,,,,,,,,,,,,,,,,
MySQL,mysql,,,,,,,,,,,,,,,,,,
Nagios,nagios,,,,,,,,,,,,,,,,,,
Nest,nest,,,,,,,,,,,,,,,,,,
Netatmo,netatmo,,,,,,,,,,,,,,,,,,
NetSuite,netsuite,,,,,,,,,,,,,,,,,,
New Relic,new-relic-insights,,,,,,,,,,,,,,,,,,
New Relic Insights,new-relic,,,,,,,,,,,,,,,,,,
Nexmo,nexmo,,,,,,,,,,,,,,,,,,
Nexticy,nexticy,,,,,,,,,,,,,,,,,,
Nexus,nexus,,,,,,,,,,,,,,,,,,
Nicereply,nicereply,,,,,,,,,,,,,,,,,,
Nimble,nimble,,,,,,,,,,,,,,,,,,
Ning,ning,,,,,,,,,,,,,,,,,,
Ninja Blocks,ninjablocks,,,,,,,,,,,,,,,,,,
Ninja Forms,ninjaforms,,,,,,,,,,,,,,,,,,
Node Package Manager,npm,,,,,,,,,,,,,,,,,,
Nodejitsu,nodejitsu,,,,,,,,,,,,,,,,,,
Noti,noti,,,,,,,,,,,,,,,,,,
Notify My Android,notify-my-android,,,,,,,,,,,,,,,,,,
Nozbe,nozbe,,,,,,,,,,,,,,,,,,
Numerous,numerous,,,,,,,,,,,,,,,,,,
Nutshell CRM,nutshell-crm,,,,,,,,,,,,,,,,,,
Obsurvey,obsurvey,,,,,,,,,,,,,,,,,,
Octopush SMS,octopush-sms,,,,,,,,,,,,,,,,,,
oDesk,odesk,,,,,,,,,,,,,,,,,,
Odoo,odoo,,,,,,,,,,,,,,,,,,
Office 365,office-365,,,,,,,,,,,,,,,,,,
Olark,olark,,,,,,,,,,,,,,,,,,
OMG Sales Assessments,olark,,,,,,,,,,,,,,,,,,
OmniFocus,omnifocus,,,,,,,,,,,,,,,,,,
OneDrive,onedrive,,,,,,,,,,,,,,,,,,
OneNote,onenote,,,,,,,,,,,,,,,,,,
OnePageCRM,onepage-crm,,,,,,,,,,,,,,,,,,
OnTime,ontime,,,,,,,,,,,,,,,,,,
Ontraport,ontraport,,,,,,,,,,,,,,,,,,
OpenERP,openerp,,,,,,,,,,,,,,,,,,
OpenShift,openshift,,,,,,,,,,,,,,,,,,
OpenStack,openstack,,,,,,,,,,,,,,,,,,
OpsGenie,opsgenie,,,,,,,,,,,,,,,,,,
Optimizely,optimizely,,,,,,,,,,,,,,,,,,
Oracle Database,oracle,,,,,,,,,,,,,,,,,,
ORBTR,orbtr,,,,,,,,,,,,,,,,,,
Osmosis,osmosis,,,,,,,,,,,,,,,,,,
Outlook.com,outlook-com,,,,,,,,,,,,,,,,,,
PagerDuty,pagerduty,,,,,,,,,,,,,,,,,,
Papertrail,papertrail,,,,,,,,,,,,,,,,,,
Pagico,pagico,,,,,,,,,,,,,,,,,,
Papyrs,papyrs,,,,,,,,,,,,,,,,,,
Paradiso LMS,paradiso-lms,,,,,,,,,,,,,,,,,,
Pardot,pardot,,,,,,,,,,,,,,,,,,
Parse,parse,,,,,,,,,,,,,,,,,,
Pastebin,pastebin,,,,,,,,,,,,,,,,,,
Paymill,paymill,,,,,,,,,,,,,,,,,,
Paymo,paymo,,,,,,,,,,,,,,,,,,
PayPal,paypal,,,,,,,,,,,,,,,,,,
People HR,people-hr,,,,,,,,,,,,,,,,,,
Perforce,perforce,,,,,,,,,,,,,,,,,,
Phabricator,phabricator,,,,,,,,,,,,,,,,,,
Phaxio,phaxio,,,,,,,,,,,,,,,,,,
Philips hue,philips-hue,,,,,,,,,,,,,,,,,,
Pinboard,pinboard,,,,,,,,,,,,,,,,,,
Pingdom,pingdom,,,,,,,,,,,,,,,,,,
Pinterest,pinterest,,,,,,,,,,,,,,,,,,
Pipedrive,pipedrive,,,,,,,,,,,,,,,,,,
PipelineDeals,pipelinedeals,,,,,,,,,,,,,,,,,,
Pipeliner,pipeliner,,,,,,,,,,,,,,,,,,
Pivotal Tracker,pivotal-tracker,,,,,,,,,,,,,,,,,,
Piwik,piwik,,,,,,,,,,,,,,,,,,
Planbox,planbox,,,,,,,,,,,,,,,,,,
PlanSo Forms for WordPress,planso,,,,,,,,,,,,,,,,,,
Planyo Online Booking,planyo-online-booking,,,,,,,,,,,,,,,,,,
Plaxo,plaxo,,,,,,,,,,,,,,,,,,
Plivo,plivo,,,,,,,,,,,,,,,,,,
Pocket,pocket,,,,,,,,,,,,,,,,,,
Podio,podio,,,,,,,,,,,,,,,,,,
Positionly,positionly,,,,,,,,,,,,,,,,,,
PostgreSQL,postgresql,,,,,,,,,,,,,,,,,,
Postmark,postmark,,,,,,,,,,,,,,,,,,
Prefinery,prefinery,,,,,,,,,,,,,,,,,,
Printavo,printavo,,,,,,,,,,,,,,,,,,
Process Street,process-street,,,,,,,,,,,,,,,,,,
ProdPad,prodpad,,,,,,,,,,,,,,,,,,
Product Hunt,product-hunt,,,,,,,,,,,,,,,,,,
Producteev,producteev,,,,,,,,,,,,,,,,,,
Project Bubble,project-bubble,,,,,,,,,,,,,,,,,,
Project Manager,project-manager,,,,,,,,,,,,,,,,,,
Projectplace,projectplace,,,,,,,,,,,,,,,,,,
Promoter.io,promoterio,,,,,,,,,,,,,,,,,,
Proposify,proposify,,,,,,,,,,,,,,,,,,
ProsperWorks,prosperworks,,,,,,,,,,,,,,,,,,
ProWorkflow,proworkflow,,,,,,,,,,,,,,,,,,
PubNub,pubnub,,,,,,,,,,,,,,,,,,
Pushbullet,pushbullet,,,,,,,,,,,,,,,,,,
Pusher,pusher,,,,,,,,,,,,,,,,,,
Pushover,pushover,,,,,,,,,,,,,,,,,,
Pushwoosh,pushwoosh,,,,,,,,,,,,,,,,,,
PyPI,pypi,,,,,,,,,,,,,,,,,,
Qortex,qortex,,,,,,,,,,,,,,,,,,
QuickBase,quickbase,,,,,,,,,,,,,,,,,,
QuickBooks Online,quickbooks,,,,,,,,,,,,,,,,,,
QuickFile,quickfile,,,,,,,,,,,,,,,,,,
Quip,quip,,,,,,,,,,,,,,,,,,
Quora,quora,,,,,,,,,,,,,,,,,,
Quote Roller,quote-roller,,,,,,,,,,,,,,,,,,
Rainforest QA,rainforest-qa,,,,,,,,,,,,,,,,,,
Raven Tools,raven-tools,,,,,,,,,,,,,,,,,,
RD Station,rd-station,,,,,,,,,,,,,,,,,,
Realvolve,realvolve,,,,,,,,,,,,,,,,,,
Reamaze,reamaze,,,,,,,,,,,,,,,,,,
Readability,readability,,,,,,,,,,,,,,,,,,
Recurly,recurly,,,,,,,,,,,,,,,,,,
Redbooth,redbooth,,,,,,,,,,,,,,,,,,
Reddit,reddit,,,,,,,,,,,,,,,,,,
Redis,redis,,,,,,,,,,,,,,,,,,
Redmine,redmine,,,,,,,,,,,,,,,,,,
RelateIQ,relateiq,,,,,,,,,,,,,,,,,,
Repsly,repsly,,,,,,,,,,,,,,,,,,
RequirementOne,requirementone,,,,,,,,,,,,,,,,,,
RescueTime,rescuetime,,,,,,,,,,,,,,,,,,
Responder (רב מסר),responder,,,,,,,,,,,,,,,,,,
RethinkDB,rethinkdb,,,,,,,,,,,,,,,,,,
Rev,rev,,,,,,,,,,,,,,,,,,
Review Board,reviewboard,,,,,,,,,,,,,,,,,,
Rezdy,rezdy,,,,,,,,,,,,,,,,,,
Rietveld,rietveld,,,,,,,,,,,,,,,,,,
RocketResponder,rocket-responder,,,,,,,,,,,,,,,,,,
Rollbar,rollbar,,,,,,,,,,,,,,,,,,
Ronin,ronin,,,,,,,,,,,,,,,,,,
Roost,roost,,,,,,,,,,,,,,,,,,
Rotten Tomatoes,rotten-tomatoes,,,,,,,,,,,,,,,,,,
RubyGems,rubygems,,,,,,,,,,,,,,,,,,
Run my Accounts,run-my-accounts,,,,,,,,,,,,,,,,,,
Runrun.it,runrunit,,,,,,,,,,,,,,,,,,
Runscope,runscope,,,,,,,,,,,,,,,,,,
SaaSy,saasy,,,,,,,,,,,,,,,,,,
Salesforce,salesforce,,,,,,,,,,,,,,,,,,
Samanage,samanage,,,,,,,,,,,,,,,,,,
Sandglaz,sandglaz,,,,,,,,,,,,,,,,,,
Sansan,sansan,,,,,,,,,,,,,,,,,,
Sazneo,sazneo,,,,,,,,,,,,,,,,,,
Sauce,sauce,,,,,,,,,,,,,,,,,,
Scalr,scalr,,,,,,,,,,,,,,,,,,
Scout Monitoring,scout-monitoring,,,,,,,,,,,,,,,,,,
Segment,segment,,,,,,,,,,,,,,,,,,
Semantria,semantria,,,,,,,,,,,,,,,,,,
SendGrid,scoopit,,,,,,,,,,,,,,,,,,
SendHub,sendgrid,,,,,,,,,,,,,,,,,,
Sendicate,sendicate,,,,,,,,,,,,,,,,,,
SendinBlue,sendinblue,,,,,,,,,,,,,,,,,,
Sendloop,sendloop,,,,,,,,,,,,,,,,,,
Sendwithus,sendwithus,,,,,,,,,,,,,,,,,,
Sentry,sentry,,,,,,,,,,,,,,,,,,
SetMore Appointments,setmore-appointment,,,,,,,,,,,,,,,,,,
Sezion,sezion,,,,,,,,,,,,,,,,,,
Shareaholic,shareaholic,,,,,,,,,,,,,,,,,,
Sharepoint,sharepoint,,,,,,,,,,,,,,,,,,
SharpSpring,sharpspring,,,,,,,,,,,,,,,,,,
Shipwire,shipwire,,,,,,,,,,,,,,,,,,
Shoeboxed,shoeboxed,,,,,,,,,,,,,,,,,,
Shopify,shopify,,,,,,,,,,,,,,,,,,
Sidekick,sidekick,,,,,,,,,,,,,,,,,,
Sifter,sifter,,,,,,,,,,,,,,,,,,
Sign-Up.to,sign-upto,,,,,,,,,,,,,,,,,,
Silverpop,silverpop,,,,,,,,,,,,,,,,,,
Simplenote,simplenote,,,,,,,,,,,,,,,,,,
Simplero,simplero,,,,,,,,,,,,,,,,,,
Siri,siri,,,,,,,,,,,,,,,,,,
Sina Weibo,sina-weibo,,,,,,,,,,,,,,,,,,
Sirportly,sirportly,,,,,,,,,,,,,,,,,,
Site24x7,site24x7,,,,,,,,,,,,,,,,,,
Siteleaf,sirportly,,,,,,,,,,,,,,,,,,
Skilljar,skilljar,,,,,,,,,,,,,,,,,,
Skype for Business,skype-business,,,,,,,,,,,,,,,,,,
Slack,slack,,,,,,,,,,,,,,,,,,
SlideShare,slideshare,,,,,,,,,,,,,,,,,,
Smartsheet,smartsheet,,,,,,,,,,,,,,,,,,
SmartyStreets,smartystreets,,,,,,,,,,,,,,,,,,
SMS Factor,sms-factor,,,,,,,,,,,,,,,,,,
Snappy,snappy,,,,,,,,,,,,,,,,,,
Snapchat,snapchat,,,,,,,,,,,,,,,,,,
SnapEngage,snapengage,,,,,,,,,,,,,,,,,,
Sniply,sniply,,,,,,,,,,,,,,,,,,
SocialPilot,socialpilot,,,,,,,,,,,,,,,,,,
Solid,solid-wisembly,,,,,,,,,,,,,,,,,,
Solve360,solve360,,,,,,,,,,,,,,,,,,
SoundCloud,soundcloud,,,,,,,,,,,,,,,,,,
SourceForge,sourceforge,,,,,,,,,,,,,,,,,,
Speech,speech,,,,,,,,,,,,,,,,,,
Spree,spree,,,,,,,,,,,,,,,,,,
Spotio,spotio,,,,,,,,,,,,,,,,,,
Spreedly,spreedly,,,,,,,,,,,,,,,,,,
Sprintly,sprintly,,,,,,,,,,,,,,,,,,
SQL Server,sql-server,,,,,,,,,,,,,,,,,,
Square,square,,,,,,,,,,,,,,,,,,
Squarespace,squarespace,,,,,,,,,,,,,,,,,,
Sqwiggle,sqwiggle,,,,,,,,,,,,,,,,,,
Stack Exchange,stackexchange,,,,,,,,,,,,,,,,,,
Stash,stash,,,,,,,,,,,,,,,,,,
StatsMix,statsmix,,,,,,,,,,,,,,,,,,
StatusCake,statuscake,,,,,,,,,,,,,,,,,,
Steam,steam,,,,,,,,,,,,,,,,,,
StockTwits,stocktwits,,,,,,,,,,,,,,,,,,
Storify,storify,,,,,,,,,,,,,,,,,,
Storenvy,storenvy,,,,,,,,,,,,,,,,,,
Streak,streak,,,,,,,,,,,,,,,,,,
Stride,stride,,,,,,,,,,,,,,,,,,
Stripe,stripe,,,,,,,,,,,,,,,,,,
Subversion,subversion,,,,,,,,,,,,,,,,,,
SugarCRM,sugarcrm,,,,,,,,,,,,,,,,,,
SugarSync,sugarsync,,,,,,,,,,,,,,,,,,
SumoMe,sumo-me,,,,,,,,,,,,,,,,,,
SuperSaaS,supersaas,,,,,,,,,,,,,,,,,,
Superfeedr,superfeedr,,,,,,,,,,,,,,,,,,
SupportBee,supportbee,,,,,,,,,,,,,,,,,,
SurveyGizmo,surveygizmo,,,,,,,,,,,,,,,,,,
SurveyMethods,surveymethods,,,,,,,,,,,,,,,,,,
SurveyMonkey,surveymonkey,,,,,,,,,,,,,,,,,,
Surveypal,surveypal,,,,,,,,,,,,,,,,,,
Swarm,swarm,,,,,,,,,,,,,,,,,,
Swiftype,swiftype,,,,,,,,,,,,,,,,,,
TalentLMS,talentlms,,,,,,,,,,,,,,,,,,
Targetprocess,targetprocess,,,,,,,,,,,,,,,,,,
TaskRabbit,taskrabbit,,,,,,,,,,,,,,,,,,
Tatango,tatango,,,,,,,,,,,,,,,,,,
TeamCity,teamcity,,,,,,,,,,,,,,,,,,
Teamgate,teamgate,,,,,,,,,,,,,,,,,,
Teamwork,teamworkpm,,,,,,,,,,,,,,,,,,
TelAPI,telapi,,,,,,,,,,,,,,,,,,
Telegram,telegram,,,,,,,,,,,,,,,,,,
Tender,tender-support,,,,,,,,,,,,,,,,,,
TestLink,testlink,,,,,,,,,,,,,,,,,,
TestRail,testrail,,,,,,,,,,,,,,,,,,
Texo,texo,,,,,,,,,,,,,,,,,,
Text,text,,,,,,,,,,,,,,,,,,
Thankster,thankster,,,,,,,,,,,,,,,,,,
Tick,tick,,,,,,,,,,,,,,,,,,
Ticketbud,ticketbud,,,,,,,,,,,,,,,,,,
TinEye,tineye,,,,,,,,,,,,,,,,,,
Todoist,todoist,,,,,,,,,,,,,,,,,,
Toggl,toggl,,,,,,,,,,,,,,,,,,
Toodledo,toodledo,,,,,,,,,,,,,,,,,,
Totango,totango,,,,,,,,,,,,,,,,,,
TPNI Engage,instantcustomer,,,,,,,,,,,,,,,,,,
Trac,trac,,,,,,,,,,,,,,,,,,
TrackVia,trackvia,,,,,,,,,,,,,,,,,,
Trajectory,trajectory,,,,,,,,,,,,,,,,,,
Travis CI,travis,,,,,,,,,,,,,,,,,,
Trello,trello,,,,,,,,,,,,,,,,,,
TriggerApp,triggerapp,,,,,,,,,,,,,,,,,,
TripIt,tripit,,,,,,,,,,,,,,,,,,
Tropical,tropical,,,,,,,,,,,,,,,,,,
Tropo,tropo,,,,,,,,,,,,,,,,,,
Trustpilot,trustpilot,,,,,,,,,,,,,,,,,,
Tumblr,tumblr,,,,,,,,,,,,,,,,,,
Twilio,twilio,,,,,,,,,,,,,,,,,,
Twitter,twitter,,,,,,,,,,,,,,,,,,
Typeform,typeform,,,,,,,,,,,,,,,,,,
Uber,uber,,,,,,,,,,,,,,,,,,
Unbounce,unbounce,,,,,,,,,,,,,,,,,,
Unfuddle STACK,unfuddle,,,,,,,,,,,,,,,,,,
Unisender,unisender,,,,,,,,,,,,,,,,,,
Unison,unison,,,,,,,,,,,,,,,,,,
Unleashed Software,unleashed-software,,,,,,,,,,,,,,,,,,
Upsource,upsource,,,,,,,,,,,,,,,,,,
Urban Airship,urbanairship,,,,,,,,,,,,,,,,,,
UserVoice,uservoice,,,,,,,,,,,,,,,,,,
Venmo,venmo,,,,,,,,,,,,,,,,,,
VerticalResponse,verticalresponse,,,,,,,,,,,,,,,,,,
Vextras,vextras,,,,,,,,,,,,,,,,,,
Vimeo,vimeo,,,,,,,,,,,,,,,,,,
Vision6,vision6,,,,,,,,,,,,,,,,,,
Visual Lease,visual-lease,,,,,,,,,,,,,,,,,,
Visual Studio Online,visual-studio-online,,,,,,,,,,,,,,,,,,
Vouchfor!,vouchfor-refer-a-friend,,,,,,,,,,,,,,,,,,
Vtiger CRM,vtiger,,,,,,,,,,,,,,,,,,
Webflow,webflow,,,,,,,,,,,,,,,,,,
Webhooks,webhooks,,,,,,,,,,,,,,,,,,
WebMerge,webmerge,,,,,,,,,,,,,,,,,,
Weebly,weebly,,,,,,,,,,,,,,,,,,
Week Plan,week-plan,,,,,,,,,,,,,,,,,,
Weekdone,weekdone,,,,,,,,,,,,,,,,,,
Wikipedia,wikipedia,,,,,,,,,,,,,,,,,,
WisePops,wisepops,,,,,,,,,,,,,,,,,,
Wistia,wistia,,,,,,,,,,,,,,,,,,
WooCommerce,woocommerce,,,,,,,,,,,,,,,,,,
WordPress,wordpress,,,,,,,,,,,,,,,,,,
Wolfram Alpha,wolframalpha,,,,,,,,,,,,,,,,,,
WordPress,wordpress,,,,,,,,,,,,,,,,,,
Workable,workable,,,,,,,,,,,,,,,,,,
Workboard,workboard,,,,,,,,,,,,,,,,,,
WP Remote,wp-remote,,,,,,,,,,,,,,,,,,
Wrike,wrike,,,,,,,,,,,,,,,,,,
Wufoo,wufoo,,,,,,,,,,,,,,,,,,
Wunderlist,wunderlist,,,,,,,,,,,,,,,,,,
Xero,xero,,,,,,,,,,,,,,,,,,
Xeround,xeround,,,,,,,,,,,,,,,,,,
xMatters,xmatters,,,,,,,,,,,,,,,,,,
Yahoo! Mail,yahoo-mail,,,,,,,,,,,,,,,,,,
Yahoo! Messenger,yahoo-messenger,,,,,,,,,,,,,,,,,,
Yammer,yammer,,,,,,,,,,,,,,,,,,
Yelp,yelp,,,,,,,,,,,,,,,,,,
You Don’t Need a CRM!,you-dont-need-a-crm,,,,,,,,,,,,,,,,,,
YouCanBook.Me,youcanbookme,,,,,,,,,,,,,,,,,,
YouTrack,youtrack,,,,,,,,,,,,,,,,,,
YouTube,youtube,,,,,,,,,,,,,,,,,,
Yumpu,yumpu,,,,,,,,,,,,,,,,,,
Zapier,zapier,,,,,,,,,,,,,,,,,,
Zendesk,zendesk,,,,,,,,,,,,,,,,,,
Zengine,zengine,,,,,,,,,,,,,,,,,,
ZenPayroll,zenpayroll,,,,,,,,,,,,,,,,,,
Zillow Tech Connect,zillow,,,,,,,,,,,,,,,,,,
zipForm Plus,zipform-plus,,,,,,,,,,,,,,,,,,
Zoho Creator,zoho-creator,,,,,,,,,,,,,,,,,,
Zoho CRM,zoho-crm,,,,,,,,,,,,,,,,,,
Zoho Invoice,zoho-invoices,,,,,,,,,,,,,,,,,,
Zoho Subscriptions,zoho-subscriptions,,,,,,,,,,,,,,,,,,
Zoom,zoom,,,,,,,,,,,,,,,,,,
Zuora,zuora,,,,,,,,,,,,,,,,,,